{
    "recordIdentifier": "Jupiter",
    "recordDescription": "",
    "recordPayload": "On February 25, 2025, Jupiter's Great Red Spot (GRS) was prominently visible from Earth. The GRS is a massive, high-pressure storm system located in Jupiter's southern hemisphere, rotating counterclockwise. During this time, Jupiter was observable well past midnight, setting after 3 a.m. local time on the 1st and by 1:30 a.m. on the 28th. Telescopic views revealed its dark equatorial belts, four Galilean moons, and occasionally the Great Red Spot. Scopes over 6 inches in diameter provided finer details of Jupiter's dynamic atmosphere, especially during moments of steady seeing. Jupiter's disk spanned 43 arcseconds on February 1 and decreased to 40 arcseconds by the end of the month. Its rapid rotation, completing in under 10 hours, allowed observers to notice cloud motion within 10 to 15 minutes.",
    "recordRightAscension": "05h 11m 42s",
    "recordDeclination": "+22° 15' 54\"",
    "recordOwner": "Matti"
  }
  